,name,url,PresentInTSP,info
0,,,,
1,Name,url,PresentInTSP,info
2,Name,url,PresentInTSP,info
3,Name,url,PresentInTSP,info
4,Name,url,PresentInTSP,info
5,Name,url,PresentInTSP,info
6,Name,url,PresentInTSP,info
7,Name,url,PresentInTSP,info
8,Name,url,PresentInTSP,info
9,Name,url,PresentInTSP,info
10,Name,url,PresentInTSP,info
11,Name,url,PresentInTSP,info
12,Name,url,PresentInTSP,info
13,Name,url,PresentInTSP,info
14,Name,url,PresentInTSP,info
15,Name,url,PresentInTSP,info
16,Name,url,PresentInTSP,info
17,Name,url,PresentInTSP,info
18,Name,url,PresentInTSP,info
19,Name,url,PresentInTSP,info
20,Name,url,PresentInTSP,info
21,Name,url,PresentInTSP,info
22,Name,url,PresentInTSP,info
23,Name,url,PresentInTSP,info
24,Name,url,PresentInTSP,info
25,Name,url,PresentInTSP,info
26,Name,url,PresentInTSP,info
27,Name,url,PresentInTSP,info
28,Name,url,PresentInTSP,info
29,Name,url,PresentInTSP,info
30,Name,url,PresentInTSP,info
31,Name,url,PresentInTSP,info
32,Name,url,PresentInTSP,info
33,Name,url,PresentInTSP,info
34,Name,url,PresentInTSP,info
35,Name,url,PresentInTSP,info
36,Name,url,PresentInTSP,info
37,Name,url,PresentInTSP,info
38,Name,url,PresentInTSP,info
39,Name,url,PresentInTSP,info
40,Name,url,PresentInTSP,info
41,Name,url,PresentInTSP,info
42,Name,url,PresentInTSP,info
43,Name,url,PresentInTSP,info
44,Name,url,PresentInTSP,info
45,Name,url,PresentInTSP,info
46,Name,url,PresentInTSP,info
47,Name,url,PresentInTSP,info
48,Name,url,PresentInTSP,info
49,Name,url,PresentInTSP,info
50,Name,url,PresentInTSP,info
51,Name,url,PresentInTSP,info
52,Name,url,PresentInTSP,info
53,Name,url,PresentInTSP,info
54,Name,url,PresentInTSP,info
55,Name,url,PresentInTSP,info
56,Name,url,PresentInTSP,info
57,Name,url,PresentInTSP,info
58,Name,url,PresentInTSP,info
59,Name,url,PresentInTSP,info
60,Name,url,PresentInTSP,info
61,Name,url,PresentInTSP,info
62,Name,url,PresentInTSP,info
63,Name,url,PresentInTSP,info
64,Name,url,PresentInTSP,info
65,Name,url,PresentInTSP,info
66,Name,url,PresentInTSP,info
67,Name,url,PresentInTSP,info
68,Name,url,PresentInTSP,info
69,Name,url,PresentInTSP,info
70,Name,url,PresentInTSP,info
71,Name,url,PresentInTSP,info
72,Name,url,PresentInTSP,info
73,Name,url,PresentInTSP,info
74,Name,url,PresentInTSP,info
75,Name,url,PresentInTSP,info
76,Name,url,PresentInTSP,info
77,Name,url,PresentInTSP,info
78,Name,url,PresentInTSP,info
79,Name,url,PresentInTSP,info
80,Name,url,PresentInTSP,info
81,Name,url,PresentInTSP,info
82,Name,url,PresentInTSP,info
83,Name,url,PresentInTSP,info
84,Name,url,PresentInTSP,info
85,Name,url,PresentInTSP,info
86,Name,url,PresentInTSP,info
87,Name,url,PresentInTSP,info
88,Name,url,PresentInTSP,info
89,Name,url,PresentInTSP,info
90,Name,url,PresentInTSP,info
91,Name,url,PresentInTSP,info
92,Name,url,PresentInTSP,info
93,Name,url,PresentInTSP,info
94,Name,url,PresentInTSP,info
95,Name,url,PresentInTSP,info
96,Name,url,PresentInTSP,info
97,Name,url,PresentInTSP,info
98,Name,url,PresentInTSP,info
99,Name,url,PresentInTSP,info
100,Name,url,PresentInTSP,info
101,Name,url,PresentInTSP,info
102,Name,url,PresentInTSP,info
103,Name,url,PresentInTSP,info
104,Name,url,PresentInTSP,info
105,Name,url,PresentInTSP,info
106,Name,url,PresentInTSP,info
107,Name,url,PresentInTSP,info
108,Name,url,PresentInTSP,info
109,Name,url,PresentInTSP,info
110,Name,url,PresentInTSP,info
111,Name,url,PresentInTSP,info
112,Name,url,PresentInTSP,info
113,Name,url,PresentInTSP,info
114,Name,url,PresentInTSP,info
115,Name,url,PresentInTSP,info
116,Name,url,PresentInTSP,info
117,Name,url,PresentInTSP,info
118,Name,url,PresentInTSP,info
119,Name,url,PresentInTSP,info
120,Name,url,PresentInTSP,info
121,Name,url,PresentInTSP,info
122,Name,url,PresentInTSP,info
123,Name,url,PresentInTSP,info
124,Name,url,PresentInTSP,info
125,Name,url,PresentInTSP,info
126,Name,url,PresentInTSP,info
127,Name,url,PresentInTSP,info
128,Name,url,PresentInTSP,info
129,Name,url,PresentInTSP,info
130,Name,url,PresentInTSP,info
131,Name,url,PresentInTSP,info
132,Name,url,PresentInTSP,info
133,Name,url,PresentInTSP,info
134,Name,url,PresentInTSP,info
135,Name,url,PresentInTSP,info
136,Name,url,PresentInTSP,info
137,Name,url,PresentInTSP,info
138,Name,url,PresentInTSP,info
139,Name,url,PresentInTSP,info
140,Name,url,PresentInTSP,info
141,Name,url,PresentInTSP,info
142,Name,url,PresentInTSP,info
143,Name,url,PresentInTSP,info
144,Name,url,PresentInTSP,info
145,Name,url,PresentInTSP,info
146,Name,url,PresentInTSP,info
147,Name,url,PresentInTSP,info
148,Name,url,PresentInTSP,info
149,Name,url,PresentInTSP,info
150,Name,url,PresentInTSP,info
151,Name,url,PresentInTSP,info
152,Name,url,PresentInTSP,info
153,Name,url,PresentInTSP,info
154,Name,url,PresentInTSP,info
155,Name,url,PresentInTSP,info
156,Name,url,PresentInTSP,info
157,Name,url,PresentInTSP,info
158,Name,url,PresentInTSP,info
159,Name,url,PresentInTSP,info
160,Name,url,PresentInTSP,info
161,Name,url,PresentInTSP,info
162,Name,url,PresentInTSP,info
163,Name,url,PresentInTSP,info
164,Name,url,PresentInTSP,info
165,Name,url,PresentInTSP,info
166,Name,url,PresentInTSP,info
167,Name,url,PresentInTSP,info
168,Name,url,PresentInTSP,info
169,Name,url,PresentInTSP,info
170,Name,url,PresentInTSP,info
171,Name,url,PresentInTSP,info
172,Name,url,PresentInTSP,info
173,Name,url,PresentInTSP,info
174,Name,url,PresentInTSP,info
175,Name,url,PresentInTSP,info
176,Name,url,PresentInTSP,info
177,Name,url,PresentInTSP,info
178,Name,url,PresentInTSP,info
179,Name,url,PresentInTSP,info
180,Name,url,PresentInTSP,info
181,Name,url,PresentInTSP,info
182,Name,url,PresentInTSP,info
183,Name,url,PresentInTSP,info
184,Name,url,PresentInTSP,info
185,Name,url,PresentInTSP,info
186,Name,url,PresentInTSP,info
187,Name,url,PresentInTSP,info
188,Name,url,PresentInTSP,info
189,Name,url,PresentInTSP,info
190,Name,url,PresentInTSP,info
191,Name,url,PresentInTSP,info
192,Name,url,PresentInTSP,info
193,Name,url,PresentInTSP,info
194,Name,url,PresentInTSP,info
195,Name,url,PresentInTSP,info
196,Name,url,PresentInTSP,info
197,Name,url,PresentInTSP,info
198,Name,url,PresentInTSP,info
199,Name,url,PresentInTSP,info
200,Name,url,PresentInTSP,info
201,Name,url,PresentInTSP,info
202,Name,url,PresentInTSP,info
203,Name,url,PresentInTSP,info
204,Name,url,PresentInTSP,info
205,Name,url,PresentInTSP,info
206,Name,url,PresentInTSP,info
207,Name,url,PresentInTSP,info
208,Name,url,PresentInTSP,info
209,Name,url,PresentInTSP,info
210,Name,url,PresentInTSP,info
211,Name,url,PresentInTSP,info
212,Name,url,PresentInTSP,info
213,Name,url,PresentInTSP,info
214,Name,url,PresentInTSP,info
215,Name,url,PresentInTSP,info
216,Name,url,PresentInTSP,info
217,Name,url,PresentInTSP,info
218,Name,url,PresentInTSP,info
219,Name,url,PresentInTSP,info
220,Name,url,PresentInTSP,info
221,Name,url,PresentInTSP,info
222,Name,url,PresentInTSP,info
223,Name,url,PresentInTSP,info
224,Name,url,PresentInTSP,info
225,Name,url,PresentInTSP,info
226,Name,url,PresentInTSP,info
227,Name,url,PresentInTSP,info
228,Name,url,PresentInTSP,info
229,Name,url,PresentInTSP,info
230,Name,url,PresentInTSP,info
231,Name,url,PresentInTSP,info
232,Name,url,PresentInTSP,info
233,Name,url,PresentInTSP,info
234,Name,url,PresentInTSP,info
235,Name,url,PresentInTSP,info
236,Name,url,PresentInTSP,info
237,Name,url,PresentInTSP,info
238,Name,url,PresentInTSP,info
239,Name,url,PresentInTSP,info
240,Name,url,PresentInTSP,info
241,Name,url,PresentInTSP,info
242,Name,url,PresentInTSP,info
243,Name,url,PresentInTSP,info
244,Name,url,PresentInTSP,info
245,Name,url,PresentInTSP,info
246,Name,url,PresentInTSP,info
247,Name,url,PresentInTSP,info
248,Name,url,PresentInTSP,info
249,Name,url,PresentInTSP,info
250,Name,url,PresentInTSP,info
251,Name,url,PresentInTSP,info
252,Name,url,PresentInTSP,info
253,Name,url,PresentInTSP,info
254,Name,url,PresentInTSP,info
255,Name,url,PresentInTSP,info
256,Name,url,PresentInTSP,info
257,Name,url,PresentInTSP,info
258,Name,url,PresentInTSP,info
259,Name,url,PresentInTSP,info
260,Name,url,PresentInTSP,info
261,Name,url,PresentInTSP,info
262,Name,url,PresentInTSP,info
263,Name,url,PresentInTSP,info
264,Name,url,PresentInTSP,info
265,Name,url,PresentInTSP,info
266,Name,url,PresentInTSP,info
267,Name,url,PresentInTSP,info
268,Name,url,PresentInTSP,info
269,Name,url,PresentInTSP,info
270,Name,url,PresentInTSP,info
271,Name,url,PresentInTSP,info
272,Name,url,PresentInTSP,info
273,Name,url,PresentInTSP,info
274,Name,url,PresentInTSP,info
275,Name,url,PresentInTSP,info
276,Name,url,PresentInTSP,info
